City_ID,City,Lat,Lng,Max Temp,Humidity,Cloudiness,Wind Speed,Country,Date
0,tongliao,43.6125,122.2653,59.22,23,69,21.07,CN,2023-10-04 03:48:01
1,ilulissat,69.2167,-51.1,26.62,50,30,11.5,GL,2023-10-04 03:48:01
2,margaret river,-33.95,115.0667,60.53,64,99,7.11,AU,2023-10-04 03:48:01
3,kingsbridge,50.2845,-3.7764,56.61,89,100,10.71,GB,2023-10-04 03:48:02
4,puerto natales,-51.7236,-72.4875,39.25,92,97,6.87,CL,2023-10-04 03:43:31
5,kongsvinger,60.1905,11.9977,47.07,87,14,4.14,NO,2023-10-04 03:48:02
6,saipan,15.1355,145.701,88.5,70,40,13.8,MP,2023-10-04 03:48:02
7,west island,-12.1568,96.8225,80.58,65,40,19.57,CC,2023-10-04 03:48:02
8,isafjordur,66.0755,-23.124,38.8,99,100,17.02,IS,2023-10-04 03:48:02
9,waitangi,-43.9535,-176.5597,48.81,78,14,5.01,NZ,2023-10-04 03:48:02
10,ulladulla,-35.35,150.4667,74.77,53,100,17.52,AU,2023-10-04 03:48:02
11,uray,60.1247,64.7758,49.87,95,100,5.99,RU,2023-10-04 03:48:02
12,albany,42.6001,-73.9662,65.8,92,3,1.99,US,2023-10-04 03:48:02
13,dhidhdhoo,6.8833,73.1,79.16,88,100,14.23,MV,2023-10-04 03:48:02
14,olonkinbyen,70.9221,-8.7187,32.74,64,100,11.97,SJ,2023-10-04 03:48:02
15,musoma,-1.5,33.8,69.24,54,100,6.85,TZ,2023-10-04 03:48:03
16,az zuwaytinah,30.9522,20.1202,70.75,66,0,12.3,LY,2023-10-04 03:48:03
17,masterton,-40.9597,175.6575,55.89,56,18,5.53,NZ,2023-10-04 03:48:03
18,conceicao do araguaia,-8.2578,-49.2647,86.09,34,72,3.56,BR,2023-10-04 03:48:03
19,balqash,46.8481,74.995,50.59,81,0,15.66,KZ,2023-10-04 03:48:03
20,grytviken,-54.2811,-36.5092,33.48,97,100,4.36,GS,2023-10-04 03:48:03
21,remire-montjoly,4.9167,-52.2667,77.04,94,20,1.14,GF,2023-10-04 03:48:03
22,ushuaia,-54.8,-68.3,47.86,97,0,12.66,AR,2023-10-04 03:48:03
23,mossel bay,-34.1831,22.146,57.13,90,87,16.46,ZA,2023-10-04 03:48:03
24,salinas,36.6777,-121.6555,65.07,88,40,5.75,US,2023-10-04 03:44:20
25,port hedland,-20.3167,118.5667,96.85,6,48,14.97,AU,2023-10-04 03:48:03
26,port-aux-francais,-49.35,70.2167,41.9,93,100,53.44,TF,2023-10-04 03:48:04
27,jiayuguan,39.8167,98.3,63.1,24,36,12.24,CN,2023-10-04 03:48:04
28,petropavlovsk-kamchatsky,53.0452,158.6483,57.79,51,75,13.42,RU,2023-10-04 03:48:04
29,poronaysk,49.2167,143.1167,54.28,75,73,11.23,RU,2023-10-04 03:48:04
30,stanley,54.868,-1.6985,51.78,91,20,11.5,GB,2023-10-04 03:48:04
31,edinburgh of the seven seas,-37.0676,-12.3116,50.59,66,93,12.26,SH,2023-10-04 03:48:04
32,lebu,-37.6167,-73.65,46.58,82,1,9.64,CL,2023-10-04 03:48:04
33,ancud,-41.8697,-73.8203,45.09,88,94,1.12,CL,2023-10-04 03:48:04
34,inirida,3.8653,-67.9239,76.55,84,90,3.29,CO,2023-10-04 03:48:04
35,blackmans bay,-43.0167,147.3167,51.53,80,100,5.93,AU,2023-10-04 03:48:04
36,nova sintra,14.8667,-24.7167,74.48,77,86,1.23,CV,2023-10-04 03:48:04
37,iqaluit,63.7506,-68.5145,31.73,86,75,8.05,CA,2023-10-04 03:48:04
38,happy valley-goose bay,53.3168,-60.3315,41.31,56,75,10.36,CA,2023-10-04 03:48:05
39,bethel,41.3712,-73.414,66.72,87,0,0.0,US,2023-10-04 03:48:05
40,qaqortoq,60.7167,-46.0333,36.97,92,100,3.69,GL,2023-10-04 03:48:05
41,papatowai,-46.5619,169.4708,65.25,64,97,6.58,NZ,2023-10-04 03:48:05
42,sainte catherine de la jacques cartier,46.8524,-71.6206,60.91,88,75,3.44,CA,2023-10-04 03:48:05
43,port mathurin,-19.6833,63.4167,74.16,77,15,5.86,MU,2023-10-04 03:48:05
44,broken hill,-31.95,141.4333,61.48,33,72,21.47,AU,2023-10-04 03:48:05
45,shimoda,34.6667,138.95,70.16,79,100,14.7,JP,2023-10-04 03:48:05
46,ribeira grande,38.5167,-28.7,71.78,93,96,8.01,PT,2023-10-04 03:48:05
47,wailua homesteads,22.0669,-159.378,82.83,80,100,9.22,US,2023-10-04 03:48:05
48,bochum,51.4833,7.2167,54.43,76,77,3.0,DE,2023-10-04 03:48:05
49,solnechnyy,50.7214,136.6319,50.04,72,100,3.04,RU,2023-10-04 03:48:05
50,newman,37.3138,-121.0208,73.74,60,1,5.19,US,2023-10-04 03:48:06
51,kudahuvadhoo,2.6708,72.8944,80.96,76,99,3.2,MV,2023-10-04 03:48:06
52,atafu village,-8.5421,-172.5159,83.98,76,97,16.62,TK,2023-10-04 03:48:06
53,fort mcmurray,56.7268,-111.381,47.79,76,75,6.91,CA,2023-10-04 03:44:45
54,adamstown,-25.066,-130.1015,68.38,77,100,17.31,PN,2023-10-04 03:48:06
55,yellowknife,62.456,-114.3525,44.42,98,100,4.61,CA,2023-10-04 03:48:06
56,talnakh,69.4865,88.3972,33.21,96,100,13.27,RU,2023-10-04 03:48:06
57,vilyuchinsk,52.9306,158.4028,59.27,73,88,6.46,RU,2023-10-04 03:48:06
58,gadzhiyevo,69.2551,33.3362,38.03,91,100,6.82,RU,2023-10-04 03:48:06
59,kununurra,-15.7667,128.7333,96.78,38,97,9.22,AU,2023-10-04 03:48:01
60,ulsteinvik,62.3432,5.8487,51.31,89,100,15.99,NO,2023-10-04 03:48:06
61,richards bay,-28.783,32.0377,70.39,82,82,8.48,ZA,2023-10-04 03:48:06
62,kodinsk,58.6881,99.1844,44.44,90,100,8.25,RU,2023-10-04 03:48:07
63,kodiak,57.79,-152.4072,47.71,49,0,5.75,US,2023-10-04 03:46:53
64,longyearbyen,78.2186,15.6401,30.04,69,75,18.41,SJ,2023-10-04 03:48:07
65,fale old settlement,-9.3852,-171.2468,83.52,78,86,17.52,TK,2023-10-04 03:48:07
66,usinsk,65.9939,57.5281,35.08,83,100,14.0,RU,2023-10-04 03:48:07
67,tiksi,71.6872,128.8694,29.23,84,100,8.63,RU,2023-10-04 03:48:07
68,rio verde de mato grosso,-18.9181,-54.8442,86.7,42,26,8.7,BR,2023-10-04 03:48:07
69,bilibino,68.0546,166.4372,17.96,92,16,3.71,RU,2023-10-04 03:48:07
70,east london,-33.0153,27.9116,63.54,88,100,3.44,ZA,2023-10-04 03:48:07
71,parola,20.8833,75.1167,82.35,59,42,8.23,IN,2023-10-04 03:48:07
72,selfoss,63.9331,-20.9971,43.05,96,100,7.63,IS,2023-10-04 03:48:08
73,hamilton,39.1834,-84.5333,72.77,80,0,0.0,US,2023-10-04 03:46:24
74,tamandare,-8.7597,-35.1047,78.03,66,82,8.37,BR,2023-10-04 03:48:08
75,bhimunipatnam,17.8833,83.4333,87.31,69,100,1.72,IN,2023-10-04 03:48:08
76,bardai,11.65,7.2333,72.3,70,99,4.23,NG,2023-10-04 03:48:08
77,christchurch,-43.5333,172.6333,67.48,47,79,8.05,NZ,2023-10-04 03:45:50
78,fort st. john,56.2499,-120.8529,48.09,66,40,21.85,CA,2023-10-04 03:48:08
79,anori,-3.7728,-61.6442,82.27,51,86,2.37,BR,2023-10-04 03:48:08
80,weligama,5.9667,80.4167,80.35,81,49,5.21,LK,2023-10-04 03:48:08
81,shortandy,51.7006,70.9994,50.5,46,14,4.79,KZ,2023-10-04 03:48:08
82,kidal,18.4411,1.4078,87.31,26,69,7.9,ML,2023-10-04 03:48:08
83,sandnessjoen,66.0217,12.6316,46.51,93,75,5.75,NO,2023-10-04 03:48:09
84,haiku-pauwela,20.9219,-156.3051,80.62,68,20,5.99,US,2023-10-04 03:48:09
85,aasiaat,68.7098,-52.8699,17.58,69,31,6.4,GL,2023-10-04 03:48:09
86,copala,16.65,-98.9833,78.62,92,100,5.75,MX,2023-10-04 03:48:09
87,keelung,25.1283,121.7419,80.49,94,100,24.63,TW,2023-10-04 03:48:09
88,westport,41.1415,-73.3579,67.77,87,0,5.75,US,2023-10-04 03:48:09
89,vila do maio,15.1333,-23.2167,79.59,76,100,0.92,CV,2023-10-04 03:48:09
90,nar'yan-mar,67.6713,53.087,39.11,78,100,21.0,RU,2023-10-04 03:48:09
91,ust-nera,64.5667,143.2,35.22,61,99,1.99,RU,2023-10-04 03:48:09
92,revelstoke,50.9832,-118.2023,55.42,88,100,2.3,CA,2023-10-04 03:48:09
93,hermanus,-34.4187,19.2345,58.59,91,100,11.88,ZA,2023-10-04 03:48:09
94,bonthe,7.5264,-12.505,78.01,85,98,5.68,SL,2023-10-04 03:48:09
95,pekan,3.4836,103.3996,86.11,69,100,5.46,MY,2023-10-04 03:48:10
96,invercargill,-46.4,168.35,68.02,62,93,11.01,NZ,2023-10-04 03:44:06
97,college,64.8569,-147.8028,33.75,87,100,11.5,US,2023-10-04 03:48:10
98,oriximina,-1.7656,-55.8661,82.94,55,79,4.03,BR,2023-10-04 03:48:10
99,yichun,47.7,128.9,44.33,94,100,13.73,CN,2023-10-04 03:48:10
100,weno,7.4515,151.8468,89.55,74,40,3.44,FM,2023-10-04 03:48:10
101,anadyr,64.75,177.4833,37.9,47,40,8.01,RU,2023-10-04 03:48:10
102,khanty-mansiysk,61.0042,69.0019,50.11,100,75,11.18,RU,2023-10-04 03:48:10
103,carnarvon,-24.8667,113.6333,79.65,36,0,12.33,AU,2023-10-04 03:48:10
104,igarka,67.4667,86.5833,34.14,83,25,13.69,RU,2023-10-04 03:48:10
105,sanctuary point,-35.1114,150.629,70.99,56,100,17.54,AU,2023-10-04 03:48:10
106,caconda,-13.7333,15.0667,62.85,63,34,1.61,AO,2023-10-04 03:48:11
107,holualoa,19.6228,-155.9522,80.44,74,40,13.8,US,2023-10-04 03:48:11
108,cabo san lucas,22.8909,-109.9124,87.1,78,20,10.36,MX,2023-10-04 03:48:11
109,rabo de peixe,37.8,-25.5833,73.98,99,75,12.66,PT,2023-10-04 03:48:11
110,camocim,-2.9022,-40.8411,76.93,81,29,14.65,BR,2023-10-04 03:48:11
111,puerto ayora,-0.7393,-90.3518,72.55,97,92,4.0,EC,2023-10-04 03:48:11
112,thompson,55.7435,-97.8558,44.76,100,100,5.75,CA,2023-10-04 03:48:11
113,moires,35.0532,24.8744,68.76,68,6,4.0,GR,2023-10-04 03:48:11
114,port elizabeth,-33.918,25.5701,63.1,86,40,9.22,ZA,2023-10-04 03:48:11
115,lompoc,34.6391,-120.4579,65.01,94,0,0.0,US,2023-10-04 03:48:11
116,el porvenir,13.7617,-87.3458,74.53,96,100,2.17,HN,2023-10-04 03:48:12
117,argo,37.6333,22.7333,62.6,67,0,3.83,GR,2023-10-04 03:48:12
118,barentu,15.1139,37.5928,75.88,46,0,4.54,ER,2023-10-04 03:48:12
119,saint-francois,46.4154,3.9054,47.64,100,100,0.0,FR,2023-10-04 03:48:12
120,howrah,22.5892,88.3103,78.8,94,100,8.05,IN,2023-10-04 03:48:12
121,port lincoln,-34.7333,135.8667,57.31,44,43,20.04,AU,2023-10-04 03:48:12
122,port alfred,-33.5906,26.891,63.18,89,100,4.0,ZA,2023-10-04 03:48:12
123,mirpur sakro,24.5474,67.6277,84.0,68,4,12.59,PK,2023-10-04 03:48:12
124,laguna,38.421,-121.4238,74.44,53,0,0.0,US,2023-10-04 03:48:12
125,port saint john's,-31.6229,29.5448,65.8,85,69,8.43,ZA,2023-10-04 03:48:12
126,champerico,14.3,-91.9167,77.49,87,100,9.8,GT,2023-10-04 03:48:12
127,shelbyville,35.4834,-86.4603,68.72,42,0,3.44,US,2023-10-04 03:48:13
128,el bauga,18.262,33.9081,85.73,20,0,10.42,SD,2023-10-04 03:48:13
129,isla mujeres,21.2311,-86.731,78.85,78,39,15.93,MX,2023-10-04 03:48:13
130,saluzzo,44.6464,7.4862,65.89,87,74,2.48,IT,2023-10-04 03:48:13
131,teknaf,20.8624,92.3058,84.24,75,59,12.95,BD,2023-10-04 03:48:13
132,nelson bay,-32.7167,152.15,81.09,66,52,25.99,AU,2023-10-04 03:45:35
133,pacific grove,36.6177,-121.9166,62.02,92,20,1.99,US,2023-10-04 03:48:13
134,georgetown,5.4112,100.3354,84.15,84,20,5.75,MY,2023-10-04 03:45:10
135,de witt,41.8234,-90.5382,75.31,58,0,6.91,US,2023-10-04 03:48:13
136,jamestown,42.097,-79.2353,67.64,88,0,1.01,US,2023-10-04 03:46:26
137,vadso,70.0744,29.7487,35.76,87,75,4.61,NO,2023-10-04 03:48:13
138,pauri,30.15,78.7833,70.79,63,0,1.32,IN,2023-10-04 03:48:13
139,businga,3.3333,20.8833,69.13,97,90,1.25,CD,2023-10-04 03:48:14
140,thunder bay,48.4001,-89.3168,66.18,82,100,5.75,CA,2023-10-04 03:48:14
141,aroma,15.8167,36.1333,81.88,52,0,9.24,SD,2023-10-04 03:48:14
142,nyagan,62.1406,65.3936,44.42,81,100,2.3,RU,2023-10-04 03:48:14
143,hawaiian paradise park,19.5933,-154.9731,78.31,84,75,9.22,US,2023-10-04 03:48:14
144,varna,43.2167,27.9167,58.44,93,0,1.14,BG,2023-10-04 03:46:04
145,gunupur,19.0833,83.8167,85.21,74,100,3.69,IN,2023-10-04 03:48:14
146,klyuchi,52.2667,79.1667,50.2,42,0,5.14,RU,2023-10-04 03:48:14
147,portland,45.5234,-122.6762,61.61,89,41,3.0,US,2023-10-04 03:48:01
148,san jose del cabo,23.0589,-109.6977,87.08,74,40,6.91,MX,2023-10-04 03:47:53
149,trincomalee,8.5711,81.2335,87.04,62,48,14.97,LK,2023-10-04 03:48:14
150,nurabad,34.0734,47.9725,59.25,54,34,4.54,IR,2023-10-04 03:48:14
151,tauranga,-37.6861,176.1667,66.85,49,0,3.0,NZ,2023-10-04 03:45:42
152,lihue,21.9789,-159.3672,83.44,75,100,9.22,US,2023-10-04 03:47:42
153,margate,51.3813,1.3862,51.69,89,54,1.99,GB,2023-10-04 03:48:15
154,tangalle,6.024,80.7911,77.16,79,66,8.19,LK,2023-10-04 03:48:15
155,avarua,-21.2078,-159.775,73.45,78,100,13.8,CK,2023-10-04 03:48:15
156,berezovskiy,55.6,86.2,46.81,58,95,4.34,RU,2023-10-04 03:48:15
157,luanda,-8.8368,13.2343,73.4,94,100,4.61,AO,2023-10-04 03:45:29
158,bredasdorp,-34.5322,20.0403,58.35,94,100,10.54,ZA,2023-10-04 03:48:15
159,kirensk,57.7853,108.1119,42.03,94,100,11.01,RU,2023-10-04 03:48:15
160,norilsk,69.3535,88.2027,33.42,94,100,16.04,RU,2023-10-04 03:48:15
161,smidovich,48.6,133.8167,48.16,92,100,12.97,RU,2023-10-04 03:48:15
162,punta arenas,-53.15,-70.9167,44.71,70,0,17.27,CL,2023-10-04 03:45:53
163,kolonia,50.9333,6.95,56.88,85,92,7.27,DE,2023-10-04 03:44:08
164,urucui,-7.2294,-44.5561,81.43,36,0,1.39,BR,2023-10-04 03:48:16
165,sao felix do xingu,-6.6447,-51.995,82.24,44,68,1.41,BR,2023-10-04 03:48:16
166,berezovo,63.9381,65.0419,38.97,71,100,7.0,RU,2023-10-04 03:48:16
167,dudley park,-34.8801,138.5794,63.61,51,40,20.71,AU,2023-10-04 03:48:16
168,selma,36.5708,-119.6121,73.13,60,0,0.0,US,2023-10-04 03:47:37
169,touros,-5.1989,-35.4608,77.94,67,51,13.15,BR,2023-10-04 03:48:16
170,serenje,-13.2325,30.2352,57.99,82,31,7.58,ZM,2023-10-04 03:48:16
171,iquique,-20.2208,-70.1431,64.44,82,30,7.23,CL,2023-10-04 03:48:16
172,bayji,34.9311,43.487,76.35,48,100,3.76,IQ,2023-10-04 03:48:16
173,tura,25.5198,90.2201,75.47,90,99,4.52,IN,2023-10-04 03:48:16
174,praia da vitoria,38.7333,-27.0667,71.85,100,75,11.16,PT,2023-10-04 03:48:17
175,constantia,44.1833,28.65,50.7,75,0,8.7,RO,2023-10-04 03:44:06
176,quang ngai,15.1167,108.8,87.21,73,43,6.53,VN,2023-10-04 03:48:17
177,zarzis,33.504,11.1122,73.8,64,0,8.34,TN,2023-10-04 03:48:17
178,okhotsk,59.3833,143.3,44.13,59,100,4.14,RU,2023-10-04 03:48:17
179,sur,22.5667,59.5289,90.68,38,0,0.4,OM,2023-10-04 03:48:17
180,deridder,30.8463,-93.289,80.56,78,84,5.35,US,2023-10-04 03:48:17
181,trairi,-3.2778,-39.2689,77.77,76,7,11.77,BR,2023-10-04 03:44:14
182,huarmey,-10.0681,-78.1522,66.2,90,99,9.26,PE,2023-10-04 03:48:17
183,uturoa,-16.7333,-151.4333,78.87,79,6,21.23,PF,2023-10-04 03:48:17
184,antofagasta,-23.65,-70.4,60.08,74,26,10.56,CL,2023-10-04 03:48:17
185,san juan,-31.5375,-68.5364,53.51,65,80,6.38,AR,2023-10-04 03:47:53
186,begoro,6.3871,-0.3774,68.94,97,100,2.53,GH,2023-10-04 03:48:18
187,kapuskasing,49.4169,-82.4331,66.29,72,40,6.91,CA,2023-10-04 03:48:18
188,nemuro,43.3236,145.575,60.3,65,100,7.18,JP,2023-10-04 03:48:18
189,palang,23.2167,90.35,81.81,88,100,17.34,BD,2023-10-04 03:48:18
190,inskoy,54.4297,86.44,48.51,61,67,3.0,RU,2023-10-04 03:48:18
191,sitka,57.0531,-135.33,49.89,81,100,4.61,US,2023-10-04 03:44:22
192,tarnogskiy gorodok,60.4997,43.5761,48.87,96,100,8.77,RU,2023-10-04 03:48:18
193,tolmezzo,46.4075,13.0175,60.42,94,96,5.57,IT,2023-10-04 03:48:18
194,williamson,30.6502,-97.6003,78.51,85,100,9.22,US,2023-10-04 03:48:18
195,pudozh,61.8099,36.5345,48.94,86,100,10.0,RU,2023-10-04 03:48:19
196,saint-joseph,-21.3667,55.6167,76.48,84,84,13.91,RE,2023-10-04 03:48:19
197,sola,-13.8833,167.55,83.07,70,100,6.91,VU,2023-10-04 03:48:19
198,popondetta,-8.7537,148.2534,89.53,57,77,5.37,PG,2023-10-04 03:48:19
199,jinchang,38.4953,102.1739,61.07,46,100,11.88,CN,2023-10-04 03:48:19
200,boston,42.3584,-71.0598,69.13,86,13,13.0,US,2023-10-04 03:44:13
201,dudinka,69.4058,86.1778,33.62,86,41,18.99,RU,2023-10-04 03:48:19
202,kharp,66.8014,65.8081,35.71,74,100,3.78,RU,2023-10-04 03:48:19
203,kenora,49.8167,-94.4337,67.17,82,75,9.22,CA,2023-10-04 03:44:41
204,ratnagiri,16.9833,73.3,80.19,80,96,2.24,IN,2023-10-04 03:48:19
205,chonchi,-42.6128,-73.8092,42.12,94,98,1.1,CL,2023-10-04 03:48:20
206,enewetak,11.3474,162.3373,84.96,76,27,18.99,MH,2023-10-04 03:48:20
207,xinmin,41.9908,122.8253,65.79,19,1,16.93,CN,2023-10-04 03:48:20
208,hadibu,12.65,54.0333,79.93,79,28,2.95,YE,2023-10-04 03:48:20
209,st. john's,47.5649,-52.7093,50.97,94,100,14.97,CA,2023-10-04 03:45:17
210,liuduzhai,27.3661,110.935,80.35,66,82,2.86,CN,2023-10-04 03:48:20
211,shahr-e kord,32.3256,50.8644,47.97,57,0,6.91,IR,2023-10-04 03:48:20
212,kalifornsky,60.4183,-151.29,46.71,44,0,3.44,US,2023-10-04 03:48:20
213,bowen,-20.0167,148.2333,76.6,73,7,10.27,AU,2023-10-04 03:48:20
214,pandan,14.0453,124.1694,88.84,63,100,10.29,PH,2023-10-04 03:48:20
215,midoun,33.8081,10.9923,69.66,62,0,7.72,TN,2023-10-04 03:48:20
216,alofi,-19.0595,-169.9187,73.29,94,100,13.8,NU,2023-10-04 03:48:20
217,itaituba,-4.2761,-55.9836,86.16,74,67,2.73,BR,2023-10-04 03:48:21
218,kourou,5.1552,-52.6478,77.05,86,76,7.09,GF,2023-10-04 03:48:21
219,dryden,49.7833,-92.7503,66.49,88,100,8.05,CA,2023-10-04 03:48:21
220,afaahiti,-17.75,-149.2833,80.47,85,36,20.11,PF,2023-10-04 03:48:21
221,nurota,40.5614,65.6886,69.28,22,7,6.46,UZ,2023-10-04 03:48:21
222,mount horeb,43.0086,-89.7385,73.53,66,100,1.01,US,2023-10-04 03:48:21
223,maile,-38.9466,-72.3727,39.81,96,3,1.86,CL,2023-10-04 03:48:21
224,juneau,58.3019,-134.4197,49.21,97,75,5.75,US,2023-10-04 03:45:56
225,perry,37.2506,-83.1999,72.32,71,0,2.64,US,2023-10-04 03:45:29
226,jaca,42.569,-0.5499,57.99,90,14,1.48,ES,2023-10-04 03:48:21
227,pizarro,4.9533,-77.366,75.96,97,100,4.99,CO,2023-10-04 03:48:21
228,jacobina,-11.1806,-40.5183,69.51,74,1,3.87,BR,2023-10-04 03:48:22
229,banda aceh,5.5577,95.3222,82.38,76,100,2.89,ID,2023-10-04 03:48:22
230,la passe,45.5549,-0.8967,52.99,76,16,6.98,FR,2023-10-04 03:48:22
231,greymouth,-42.4667,171.2,51.37,78,98,2.82,NZ,2023-10-04 03:48:22
232,whitehorse,60.7161,-135.0538,36.37,77,40,2.3,CA,2023-10-04 03:43:37
233,nuuk,64.1835,-51.7216,39.81,75,100,5.01,GL,2023-10-04 03:48:22
234,badger,64.8,-147.5333,33.67,89,75,11.5,US,2023-10-04 03:48:22
235,upper dir,35.2058,71.8756,71.98,28,0,2.59,PK,2023-10-04 03:48:22
236,miranda,3.2499,-76.2281,71.73,96,100,0.72,CO,2023-10-04 03:48:22
237,bamboo flat,11.7,92.7167,78.89,89,100,8.05,IN,2023-10-04 03:48:22
238,kingston,17.997,-76.7936,85.15,86,20,9.22,JM,2023-10-04 03:43:43
239,alice springs,-23.7,133.8833,69.35,14,0,13.8,AU,2023-10-04 03:46:04
240,tolanaro,-25.0319,46.9987,66.27,68,20,11.5,MG,2023-10-04 03:48:23
241,lae,-6.7221,146.9847,86.67,74,100,7.92,PG,2023-10-04 03:48:23
242,altea,38.5989,-0.0514,75.31,82,100,8.46,ES,2023-10-04 03:48:23
243,crane,31.3974,-102.3501,71.46,76,44,18.1,US,2023-10-04 03:48:23
244,at-bashi,41.1702,75.8106,53.28,28,95,1.03,KG,2023-10-04 03:48:23
245,ad dawadimi,24.5077,44.3924,74.55,15,0,11.5,SA,2023-10-04 03:48:23
246,sylt-ost,54.8833,8.35,57.29,77,75,20.71,DE,2023-10-04 03:48:23
247,hithadhoo,-0.6,73.0833,81.93,78,82,12.26,MV,2023-10-04 03:48:23
248,sinabang,2.4803,96.3801,82.89,70,94,11.41,ID,2023-10-04 03:48:23
249,lewiston orchards,46.3804,-116.9754,60.71,72,0,6.91,US,2023-10-04 03:48:24
250,ambovombe,-25.1667,46.0833,64.51,61,0,6.13,MG,2023-10-04 03:48:24
251,yeed,4.55,43.0333,77.67,72,100,12.97,SO,2023-10-04 03:48:24
252,leava,-14.3,-178.1667,79.39,84,95,24.56,WF,2023-10-04 03:48:24
253,san jose,37.3394,-121.895,71.74,57,0,28.01,US,2023-10-04 03:44:30
254,kamina,-8.7386,24.9906,67.73,49,92,4.76,CD,2023-10-04 03:48:24
255,obo,5.3998,26.4869,68.54,97,100,3.36,CF,2023-10-04 03:48:24
256,san patricio,28.017,-97.5169,85.86,80,5,9.55,US,2023-10-04 03:48:24
257,sierpc,52.8568,19.6691,53.82,81,64,18.43,PL,2023-10-04 03:48:24
258,la ronge,55.1001,-105.2842,41.25,93,0,4.61,CA,2023-10-04 03:48:24
259,gracemere,-23.4333,150.45,80.51,54,40,10.36,AU,2023-10-04 03:48:25
260,carahue,-38.7,-73.1667,39.88,94,1,1.19,CL,2023-10-04 03:48:25
261,howard springs,-12.497,131.047,91.31,39,34,9.6,AU,2023-10-04 03:48:25
262,mahdia,35.5047,11.0622,66.15,73,5,4.63,TN,2023-10-04 03:48:25
263,sudogda,55.9539,40.8629,54.14,62,100,12.68,RU,2023-10-04 03:48:25
264,mariental,-24.6333,17.9667,74.23,32,71,3.71,NA,2023-10-04 03:48:25
265,sao vicente,-23.9631,-46.3919,75.38,26,98,2.06,BR,2023-10-04 03:44:12
266,seaside,36.6111,-121.8516,61.92,89,20,1.99,US,2023-10-04 03:43:59
267,malango,-2.9627,119.9001,87.01,49,15,5.39,ID,2023-10-04 03:48:25
268,safaga,26.7292,33.9365,82.13,38,12,16.04,EG,2023-10-04 03:48:25
269,baturaja,-4.1333,104.1667,95.49,35,43,5.35,ID,2023-10-04 03:48:25
270,tamasi,46.6333,18.2833,64.49,62,77,17.31,HU,2023-10-04 03:48:25
271,minas de marcona,-15.2119,-75.1103,56.19,91,94,10.45,PE,2023-10-04 03:48:26
272,sredets,42.3475,27.179,50.11,76,1,2.57,BG,2023-10-04 03:48:26
273,vilyuysk,63.7553,121.6247,36.43,51,30,9.37,RU,2023-10-04 03:48:26
274,udachny,66.4167,112.4,26.46,85,100,18.5,RU,2023-10-04 03:48:26
275,whakatane,-37.9585,176.9854,65.88,65,0,5.01,NZ,2023-10-04 03:48:26
276,dharchula,29.85,80.5333,77.65,54,0,4.38,IN,2023-10-04 03:48:26
277,sabac,44.7467,19.69,62.26,67,80,6.49,RS,2023-10-04 03:48:26
278,brownfield,33.1812,-102.2744,67.95,60,63,14.2,US,2023-10-04 03:48:26
279,yayva,59.3303,57.2641,45.97,89,98,6.85,RU,2023-10-04 03:48:26
280,cole harbour,44.6724,-63.4751,57.96,88,45,4.0,CA,2023-10-04 03:48:26
281,swellendam,-34.0226,20.4417,57.7,90,100,2.3,ZA,2023-10-04 03:48:26
282,kayangel,8.0823,134.7173,78.33,86,100,8.43,PW,2023-10-04 03:48:27
283,puerto colombia,10.9878,-74.9547,80.69,80,100,4.85,CO,2023-10-04 03:48:27
284,luau,-10.7073,22.2247,73.6,36,96,2.62,AO,2023-10-04 03:48:27
285,barguzin,53.6167,109.6167,41.4,88,98,5.99,RU,2023-10-04 03:48:27
286,estevan,49.1334,-102.9842,48.4,93,100,11.5,CA,2023-10-04 03:48:27
287,santa ana,33.7456,-117.8678,75.04,64,0,5.75,US,2023-10-04 03:48:27
288,prado,-17.3411,-39.2208,71.85,94,100,7.63,BR,2023-10-04 03:48:27
289,brookings,44.3114,-96.7984,58.1,100,100,8.05,US,2023-10-04 03:45:16
290,carrizal,10.3499,-66.9863,65.61,92,100,0.96,VE,2023-10-04 03:48:27
291,new norfolk,-42.7826,147.0587,52.72,96,100,2.71,AU,2023-10-04 03:44:44
292,santo antonio,-6.3106,-35.4789,71.87,75,8,6.46,BR,2023-10-04 03:48:27
293,ambon,-3.6954,128.1814,86.14,79,40,8.05,ID,2023-10-04 03:48:28
294,saldanha,-33.0117,17.9442,59.49,81,100,3.94,ZA,2023-10-04 03:48:28
295,pukekohe east,-37.2,174.95,60.31,49,0,7.45,NZ,2023-10-04 03:48:28
296,sao gabriel da cachoeira,-0.1303,-67.0892,78.62,63,98,1.25,BR,2023-10-04 03:48:28
297,deschutes river woods,43.9915,-121.3584,51.82,71,0,1.99,US,2023-10-04 03:48:28
298,mount isa,-20.7333,139.5,85.77,20,75,18.41,AU,2023-10-04 03:48:28
299,manggar,-2.8833,108.2667,85.44,65,40,15.17,ID,2023-10-04 03:48:28
300,driefontein,-27.0177,30.4498,59.31,43,0,3.33,ZA,2023-10-04 03:48:28
301,cockburn town,21.4612,-71.1419,84.09,77,100,13.04,TC,2023-10-04 03:48:28
302,colonia menno,-22.3667,-59.8167,90.59,31,17,9.17,PY,2023-10-04 03:48:28
303,kone,-21.0595,164.8658,77.95,57,27,11.05,NC,2023-10-04 03:48:28
304,awjilah,29.1081,21.2869,68.14,55,0,7.99,LY,2023-10-04 03:48:29
305,winchester center,41.9001,-73.1348,63.34,95,0,1.01,US,2023-10-04 03:48:29
306,oranjemund,-28.55,16.4333,59.04,78,99,5.08,NA,2023-10-04 03:48:29
307,utrik,11.2278,169.8474,83.26,76,48,16.04,MH,2023-10-04 03:48:29
308,chunskiy,56.0815,99.6342,49.98,64,3,8.03,RU,2023-10-04 03:48:29
309,egersund,58.4513,5.9997,52.09,76,93,23.29,NO,2023-10-04 03:48:29
310,vorkuta,67.5,64.0,35.06,75,100,10.29,RU,2023-10-04 03:48:29
311,egilsstadir,65.2653,-14.3948,40.91,93,100,11.5,IS,2023-10-04 03:48:29
312,dalbandin,28.8947,64.4101,84.49,10,0,4.65,PK,2023-10-04 03:44:14
313,gunjur,13.2019,-16.7339,80.67,89,40,0.0,GM,2023-10-04 03:48:29
314,ravar,31.2656,56.8055,78.64,20,0,1.41,IR,2023-10-04 03:48:29
315,kelibia,36.8476,11.0939,68.25,100,20,2.3,TN,2023-10-04 03:48:30
316,guanica,17.9716,-66.908,83.91,72,94,0.92,PR,2023-10-04 03:48:30
317,song cau,13.45,109.2167,84.25,82,75,5.12,VN,2023-10-04 03:48:30
318,robore,-18.3333,-59.75,90.45,32,4,11.03,BO,2023-10-04 03:48:30
319,pitanga,-24.7572,-51.7614,67.37,96,68,3.4,BR,2023-10-04 03:48:30
320,novodvinsk,64.4165,40.8122,43.79,79,100,2.48,RU,2023-10-04 03:48:30
321,namibe,-15.1961,12.1522,72.59,77,85,2.19,AO,2023-10-04 03:48:30
322,keflavik,64.0049,-22.5624,41.43,93,75,3.44,IS,2023-10-04 03:48:30
323,arraial do cabo,-22.9661,-42.0278,69.75,94,78,11.77,BR,2023-10-04 03:45:45
324,pariaman,-0.619,100.12,80.65,72,90,7.43,ID,2023-10-04 03:48:30
325,labrador city,52.9463,-66.9114,28.31,100,0,2.3,CA,2023-10-04 03:45:12
326,cururupu,-1.8283,-44.8683,77.63,86,8,5.73,BR,2023-10-04 03:48:30
327,tulnici,45.9167,26.6667,52.34,55,0,6.33,RO,2023-10-04 03:48:31
328,cutro,39.0353,16.9819,65.66,53,7,2.39,IT,2023-10-04 03:48:31
329,flying fish cove,-10.4217,105.6791,78.48,78,100,12.66,CX,2023-10-04 03:48:31
330,shagonar,51.5333,92.8,49.77,51,93,1.45,RU,2023-10-04 03:48:31
331,tirodi,21.6833,79.7,81.05,56,100,5.68,IN,2023-10-04 03:48:31
332,dunedin,-45.8742,170.5036,65.07,60,100,1.99,NZ,2023-10-04 03:48:31
333,bol'sherech'ye,56.0925,74.6272,52.36,57,100,11.48,RU,2023-10-04 03:48:31
334,pisco,-13.7,-76.2167,65.01,88,0,10.36,PE,2023-10-04 03:44:27
335,nsanje,-16.92,35.262,65.95,75,0,1.59,MW,2023-10-04 03:48:31
336,malkapur,20.8833,76.2,81.73,61,79,8.25,IN,2023-10-04 03:48:31
337,leua,48.2156,18.6071,64.49,76,100,14.92,SK,2023-10-04 03:48:31
338,illizi,26.4833,8.4667,75.0,38,0,15.43,DZ,2023-10-04 03:48:32
339,saudarkrokur,65.7461,-19.6394,37.9,88,98,2.57,IS,2023-10-04 03:48:32
340,turpan,42.9333,89.1667,80.74,19,2,3.85,CN,2023-10-04 03:48:32
341,cidreira,-30.1811,-50.2056,62.62,89,100,12.77,BR,2023-10-04 03:48:32
342,susuman,62.7833,148.1667,36.99,51,82,1.01,RU,2023-10-04 03:48:32
343,lata,40.1629,-8.3327,59.92,84,88,1.7,PT,2023-10-04 03:48:32
344,itamaraca,-7.7478,-34.8256,78.85,65,83,8.95,BR,2023-10-04 03:48:32
345,vila franca do campo,37.7167,-25.4333,74.88,99,27,9.15,PT,2023-10-04 03:48:32
346,parauapebas,-6.0675,-49.9022,79.57,49,18,2.01,BR,2023-10-04 03:48:32
347,ballito,-29.539,31.2144,62.74,94,0,4.61,ZA,2023-10-04 03:48:32
348,tidjikja,18.5564,-11.4271,89.82,24,73,9.06,MR,2023-10-04 03:48:32
349,vorgashor,67.5833,63.95,34.59,76,100,9.95,RU,2023-10-04 03:48:33
350,negapatam,10.7667,79.8333,87.94,65,24,15.57,IN,2023-10-04 03:48:33
351,naze,28.3667,129.4833,83.32,74,7,9.66,JP,2023-10-04 03:48:33
352,inarajan village,13.2736,144.7484,90.57,81,94,11.77,GU,2023-10-04 03:48:33
353,peterhead,57.5058,-1.7981,50.45,82,100,18.43,GB,2023-10-04 03:48:33
354,kampene,-3.6,26.6667,65.7,78,74,1.28,CD,2023-10-04 03:48:33
355,vodnyy,63.5046,53.4095,42.42,91,100,11.23,RU,2023-10-04 03:48:33
356,santana,-0.0583,-51.1817,82.58,78,20,6.91,BR,2023-10-04 03:47:29
357,camarinas,43.1311,-9.1817,62.92,90,8,14.47,ES,2023-10-04 03:48:33
358,coyhaique,-45.5752,-72.0662,44.55,81,100,3.44,CL,2023-10-04 03:48:33
359,omdurman,15.6445,32.4777,90.16,36,0,11.21,SD,2023-10-04 03:48:33
360,fonte boa,-2.4959,-66.2662,80.28,58,100,1.97,BR,2023-10-04 03:48:33
361,hirara,24.8,125.2833,86.27,74,75,23.02,JP,2023-10-04 03:48:34
362,palma del rio,37.7002,-5.2812,61.12,46,39,2.91,ES,2023-10-04 03:48:34
363,proletar,40.167,69.504,68.54,40,2,11.18,TJ,2023-10-04 03:48:34
364,mejit,10.2753,170.8646,83.21,73,25,16.78,MH,2023-10-04 03:48:34
365,tindouf,27.6711,-8.1474,72.05,24,0,5.75,DZ,2023-10-04 03:48:34
366,sarakhs,36.5449,61.1577,73.56,19,2,11.07,IR,2023-10-04 03:48:34
367,kosong,38.3788,128.4676,75.69,48,80,6.02,KR,2023-10-04 03:48:34
368,zapala,-38.8992,-70.0544,45.28,54,2,6.33,AR,2023-10-04 03:48:34
369,mumford,5.2618,-0.759,75.54,91,36,7.4,GH,2023-10-04 03:48:34
370,swift current,50.2834,-107.8014,47.21,87,0,9.22,CA,2023-10-04 03:43:52
371,pont rouge,48.8833,-72.0825,59.29,88,100,4.56,CA,2023-10-04 03:48:34
372,acajutla,13.5928,-89.8275,78.76,89,100,3.91,SV,2023-10-04 03:48:35
373,iskateley,67.6803,53.1512,39.02,78,100,21.0,RU,2023-10-04 03:48:35
374,bracebridge,45.0334,-79.3163,60.87,100,0,0.0,CA,2023-10-04 03:47:04
375,nago,26.5881,127.9761,90.45,84,41,13.0,JP,2023-10-04 03:48:35
376,ola,59.5833,151.2833,52.14,51,26,4.34,RU,2023-10-04 03:48:35
377,khandyga,62.6667,135.6,36.07,98,100,4.99,RU,2023-10-04 03:48:35
378,marsabit,2.3284,37.9899,63.1,84,43,20.83,KE,2023-10-04 03:48:35
379,puerto baquerizo moreno,-0.9,-89.6,72.16,90,67,9.48,EC,2023-10-04 03:48:35
380,baie-saint-paul,47.4411,-70.4986,61.05,87,100,2.62,CA,2023-10-04 03:46:36
381,avenal,36.0041,-120.129,71.37,36,1,4.61,US,2023-10-04 03:48:35
382,ta`u,-14.2336,-169.5144,80.73,81,18,16.02,AS,2023-10-04 03:48:35
383,duong dong,10.2167,103.9667,80.6,94,40,11.5,VN,2023-10-04 03:48:35
384,priargunsk,50.3691,119.1012,48.76,21,0,14.47,RU,2023-10-04 03:48:36
385,mao,39.8885,4.2658,68.56,100,0,8.05,ES,2023-10-04 03:48:36
386,letlhakeng,-24.0944,25.0298,58.64,49,78,6.8,BW,2023-10-04 03:48:36
387,amargosa,-13.0303,-39.6047,67.08,97,12,3.44,BR,2023-10-04 03:48:36
388,el bolson,-41.9667,-71.5167,35.35,97,15,4.0,AR,2023-10-04 03:48:36
389,salalah,17.0151,54.0924,75.29,83,20,4.61,OM,2023-10-04 03:48:36
390,al jawf,29.5,38.75,70.95,53,58,6.55,SA,2023-10-04 03:48:36
391,aioun,16.6614,-9.6149,89.96,29,26,2.82,MR,2023-10-04 03:48:36
392,kiknur,57.3034,47.2011,50.52,66,100,15.14,RU,2023-10-04 03:47:01
393,san luis de la loma,17.2706,-100.8939,80.55,88,100,3.62,MX,2023-10-04 03:48:36
394,conception bay south,47.4999,-52.9981,50.45,93,100,19.22,CA,2023-10-04 03:47:02
395,mancio lima,-7.6142,-72.8958,80.67,83,0,0.0,BR,2023-10-04 03:48:37
396,mar del plata,-38.0023,-57.5575,53.1,98,100,8.05,AR,2023-10-04 03:48:37
397,jayapura,-2.5333,140.7,87.19,85,100,4.09,ID,2023-10-04 03:48:37
398,langepas,61.2544,75.2124,47.82,98,100,9.28,RU,2023-10-04 03:48:37
399,freetown,8.484,-13.2299,76.71,100,75,3.44,SL,2023-10-04 03:48:37
400,kuanda,56.3161,116.0806,39.88,48,90,3.24,RU,2023-10-04 03:48:37
401,villamontes,-21.25,-63.5,82.11,55,4,8.3,BO,2023-10-04 03:48:37
402,atyrau,47.1167,51.8833,59.02,82,40,13.42,KZ,2023-10-04 03:48:37
403,mesoraca,39.0768,16.7889,66.22,59,8,4.5,IT,2023-10-04 03:48:37
404,calvinia,-31.4707,19.776,62.33,33,21,2.75,ZA,2023-10-04 03:48:37
405,mhamid,29.82,-5.72,75.06,31,0,4.63,MA,2023-10-04 03:48:37
406,mccook,40.2019,-100.6257,52.25,87,0,8.05,US,2023-10-04 03:48:38
407,pryamitsyno,51.6561,35.9314,43.34,67,72,10.78,RU,2023-10-04 03:48:38
408,sao martinho,39.5144,-9.1311,67.28,96,99,6.04,PT,2023-10-04 03:48:38
409,kupang,-10.1667,123.5833,91.98,55,20,14.97,ID,2023-10-04 03:48:38
410,machakos,-1.5167,37.2667,62.55,86,87,6.4,KE,2023-10-04 03:48:38
411,dakhla,23.6848,-15.958,78.89,42,14,10.25,EH,2023-10-04 03:48:38
412,suva,-18.1416,178.4415,74.68,69,75,9.22,FJ,2023-10-04 03:48:38
413,nkove,-7.95,30.85,75.06,49,49,5.46,TZ,2023-10-04 03:48:38
414,hagere selam,6.4833,38.5167,48.65,96,95,3.78,ET,2023-10-04 03:48:38
415,bengkulu,-3.8004,102.2655,81.61,71,41,9.78,ID,2023-10-04 03:48:38
416,akureyri,65.6835,-18.0878,40.93,87,100,5.75,IS,2023-10-04 03:48:38
417,antsiranana,-12.2787,49.2917,75.96,64,20,16.11,MG,2023-10-04 03:48:39
418,gbarnga,6.9956,-9.4722,70.95,100,99,1.79,LR,2023-10-04 03:48:39
419,papar,5.7333,115.9333,91.4,62,66,6.51,MY,2023-10-04 03:48:39
420,kargil,34.5667,76.1,45.93,33,3,2.17,IN,2023-10-04 03:48:39
421,bel ombre,-4.6167,55.4167,80.44,78,20,11.5,SC,2023-10-04 03:48:39
422,ciudad guadalupe victoria,24.4497,-104.1225,63.84,76,94,7.56,MX,2023-10-04 03:48:39
423,inhambane,-23.865,35.3833,67.64,73,1,4.9,MZ,2023-10-04 03:48:39
424,santiago de cao,-7.9589,-79.2392,66.33,88,40,8.05,PE,2023-10-04 03:48:39
425,asbury,42.5144,-90.7515,75.13,56,0,9.22,US,2023-10-04 03:48:39
426,jiamusi,46.8333,130.35,55.92,64,89,19.82,CN,2023-10-04 03:48:39
427,vernon,50.2581,-119.2691,59.61,70,62,2.3,CA,2023-10-04 03:48:13
428,rosario,-32.9468,-60.6393,55.94,75,40,11.5,AR,2023-10-04 03:48:39
429,ust-tsilma,65.441,52.1498,38.61,81,100,10.0,RU,2023-10-04 03:48:40
430,jiuquan,39.7432,98.5174,65.79,21,40,8.34,CN,2023-10-04 03:48:40
431,mount pearl,47.5166,-52.7813,49.86,94,100,14.97,CA,2023-10-04 03:48:40
432,buncrana,55.1333,-7.45,55.33,88,100,17.31,IE,2023-10-04 03:48:40
433,corumba,-19.0092,-57.6533,85.71,38,2,4.83,BR,2023-10-04 03:48:40
434,luderitz,-26.6481,15.1594,64.35,59,76,9.37,NA,2023-10-04 03:48:40
435,mahibadhoo,3.7833,72.9667,79.09,81,100,5.82,MV,2023-10-04 03:48:40
436,kailua-kona,19.6406,-155.9956,84.16,76,40,13.8,US,2023-10-04 03:44:02
437,muynoq,43.7683,59.0214,63.88,35,94,11.45,UZ,2023-10-04 03:48:40
438,polyarnyy,69.1989,33.4478,38.77,91,100,6.38,RU,2023-10-04 03:48:40
439,tralee,52.2704,-9.7026,54.37,90,100,9.22,IE,2023-10-04 03:48:40
440,carmelo,-33.9892,-58.2856,56.91,92,99,9.93,UY,2023-10-04 03:48:41
441,phongsali,21.6833,102.1058,82.49,49,56,1.59,LA,2023-10-04 03:48:41
442,zahedan,29.4963,60.8629,69.71,23,0,4.61,IR,2023-10-04 03:48:41
443,dingzhou,38.5131,114.9956,75.31,27,100,8.93,CN,2023-10-04 03:48:41
444,forde,61.4522,5.8572,51.8,100,100,0.0,NO,2023-10-04 03:48:41
445,bharatpur,27.2167,77.4833,85.5,25,0,4.43,IN,2023-10-04 03:46:18
446,balabac,7.9868,117.0645,85.66,68,100,5.3,PH,2023-10-04 03:48:41
447,uitenhage,-33.7576,25.3971,62.42,91,82,5.5,ZA,2023-10-04 03:48:41
448,novyy urengoy,66.0833,76.6333,35.73,71,94,8.61,RU,2023-10-04 03:48:41
449,surovikino,48.6078,42.8486,51.87,63,27,6.87,RU,2023-10-04 03:48:41
450,tofol,5.3248,163.0078,82.18,89,100,3.44,FM,2023-10-04 03:48:41
451,yanbu,24.0891,38.0637,80.64,100,0,6.91,SA,2023-10-04 03:45:28
452,noumea,-22.2763,166.4572,82.38,71,67,17.31,NC,2023-10-04 03:48:42
453,yeppoon,-23.1333,150.7333,80.38,68,29,14.38,AU,2023-10-04 03:48:42
454,zyryanovsk,49.7386,84.2719,51.66,82,100,2.44,KZ,2023-10-04 03:48:42
455,broome,42.2506,-75.833,67.62,94,0,1.05,US,2023-10-04 03:48:42
456,ujae,8.9322,165.7642,84.18,77,100,16.02,MH,2023-10-04 03:48:42
457,kattivakkam,13.2167,80.3167,86.09,79,12,10.22,IN,2023-10-04 03:48:42
458,escanaba,45.7453,-87.0646,68.97,88,0,6.91,US,2023-10-04 03:48:42
459,chalus,36.655,51.4204,67.46,94,100,0.0,IR,2023-10-04 03:44:05
460,port augusta,-32.5,137.7667,59.83,42,78,19.28,AU,2023-10-04 03:48:42
461,panaba,21.2833,-88.2667,78.85,85,0,8.93,MX,2023-10-04 03:48:42
462,cooma,-36.2333,149.1333,57.07,92,100,13.02,AU,2023-10-04 03:48:42
463,roma,43.2128,-75.4557,64.9,93,0,0.0,US,2023-10-04 03:48:25
464,kolpashevo,58.3131,82.9089,50.11,78,93,8.99,RU,2023-10-04 03:48:43
465,alo,7.4178,6.7371,73.72,96,100,0.65,NG,2023-10-04 03:48:43
466,grand-lahou,5.1367,-5.0242,75.02,92,32,7.29,CI,2023-10-04 03:48:43
467,yuzhno-kurilsk,44.0306,145.8556,57.38,73,100,8.21,RU,2023-10-04 03:48:43
468,ponta delgada,37.7333,-25.6667,75.18,94,75,12.66,PT,2023-10-04 03:46:57
469,sovetskiy,61.3614,63.5842,46.89,89,87,3.0,RU,2023-10-04 03:48:43
470,saint-just-en-chaussee,49.505,2.4329,50.41,92,32,7.49,FR,2023-10-04 03:48:43
471,kutahya,39.4242,29.9833,47.26,89,0,2.04,TR,2023-10-04 03:48:43
472,nagqu,31.5,92.0,53.94,43,56,10.42,CN,2023-10-04 03:48:43
473,mawu,29.5923,107.3139,68.95,92,98,2.17,CN,2023-10-04 03:48:43
474,tomar,39.602,-8.4092,65.32,83,99,3.47,PT,2023-10-04 03:48:44
475,sao paulo de olivenca,-3.3783,-68.8725,80.78,49,62,2.33,BR,2023-10-04 03:48:44
476,berdigestyakh,62.0989,126.6992,34.29,57,76,5.01,RU,2023-10-04 03:48:44
477,el haouaria,37.05,11.0144,68.02,71,1,2.84,TN,2023-10-04 03:48:44
478,myitkyina,25.3833,97.4,83.26,77,95,0.83,MM,2023-10-04 03:48:44
479,kapa'a,22.0752,-159.319,84.18,80,100,9.22,US,2023-10-04 03:44:11
480,forster,-32.1667,152.5167,77.2,56,23,31.56,AU,2023-10-04 03:48:44
481,horta,38.5333,-28.6333,71.02,93,97,8.01,PT,2023-10-04 03:46:56
482,baharly,38.4362,57.4316,75.42,26,59,4.81,TM,2023-10-04 03:48:44
483,inyati,-19.6756,28.8469,52.92,54,0,5.64,ZW,2023-10-04 03:48:44
484,leh,34.1667,77.5833,46.9,34,14,5.86,IN,2023-10-04 03:48:44
485,opuwo,-18.0607,13.84,72.27,45,77,3.51,NA,2023-10-04 03:48:44
486,gamla uppsala,59.8969,17.6361,48.18,100,61,4.61,SE,2023-10-04 03:48:45
487,kotabumi,-4.8333,104.9,93.2,39,38,8.72,ID,2023-10-04 03:48:45
488,lerwick,60.1545,-1.1494,50.0,78,94,11.18,GB,2023-10-04 03:48:45
489,madaoua,14.073,5.96,81.91,48,88,2.71,NE,2023-10-04 03:48:45
490,sikonge,-5.6333,32.7667,65.19,50,90,6.06,TZ,2023-10-04 03:48:45
491,al jadid,27.05,14.4,70.74,44,0,11.36,LY,2023-10-04 03:48:45
492,tvoroyri,61.5556,-6.8111,49.51,85,100,7.16,FO,2023-10-04 03:48:45
493,ondjiva,-17.0667,15.7333,69.84,40,35,5.75,AO,2023-10-04 03:48:45
494,arroyo,41.6096,-4.7969,62.11,85,0,10.36,ES,2023-10-04 03:48:45
495,macae,-22.3708,-41.7869,69.55,94,100,2.3,BR,2023-10-04 03:48:45
496,kotra,25.8167,79.3167,86.0,28,1,5.57,IN,2023-10-04 03:48:45
497,yantarnyy,54.8717,19.9381,60.94,79,40,32.75,RU,2023-10-04 03:48:46
498,quinte west,44.1834,-77.5662,66.74,89,0,0.0,CA,2023-10-04 03:48:46
499,wladyslawowo,54.7909,18.4009,55.47,81,19,28.7,PL,2023-10-04 03:48:46
500,diapaga,12.0708,1.7889,74.8,85,90,4.09,BF,2023-10-04 03:48:46
501,gulf shores,30.246,-87.7008,75.99,56,0,0.0,US,2023-10-04 03:47:06
502,antonio enes,-16.2325,39.9086,75.43,67,60,8.19,MZ,2023-10-04 03:48:46
503,mogadishu,2.0371,45.3438,79.45,84,67,9.57,SO,2023-10-04 03:48:46
504,libertad,8.9442,125.5019,91.72,56,11,4.29,PH,2023-10-04 03:48:46
505,kalix,65.853,23.1565,44.96,86,42,4.29,SE,2023-10-04 03:48:46
506,mpulungu,-8.7623,31.1141,72.55,51,37,7.94,ZM,2023-10-04 03:48:46
507,chirkey,42.9613,46.9787,59.38,78,100,3.24,RU,2023-10-04 03:48:46
508,galliano,29.4422,-90.2992,75.2,76,0,10.45,US,2023-10-04 03:48:46
509,motygino,58.1831,94.7592,44.78,90,100,5.99,RU,2023-10-04 03:48:47
510,colonia,50.9333,6.95,56.88,85,92,7.27,DE,2023-10-04 03:44:08
511,island harbour,50.724,-1.2758,57.97,86,37,12.97,GB,2023-10-04 03:48:47
512,dwarka,22.2394,68.9678,82.06,63,6,8.61,IN,2023-10-04 03:48:47
513,bei'an,24.5399,109.533,87.91,63,13,3.53,CN,2023-10-04 03:48:47
514,karukh,34.4811,62.5863,73.2,23,0,0.96,AF,2023-10-04 03:48:47
515,kerikeri,-35.2268,173.9474,60.06,52,1,5.23,NZ,2023-10-04 03:48:47
516,amungan,15.3652,119.9582,83.35,79,82,6.58,PH,2023-10-04 03:48:47
517,bubaque,11.2833,-15.8333,79.05,87,99,13.09,GW,2023-10-04 03:48:47
518,sao joao da barra,-21.6403,-41.0511,71.56,95,100,1.03,BR,2023-10-04 03:48:47
519,auterive,43.351,1.478,65.64,75,100,4.92,FR,2023-10-04 03:48:47
520,sherbakul',54.6316,72.3963,51.98,40,100,9.66,RU,2023-10-04 03:48:48
521,las lomitas,-24.7096,-60.593,76.53,78,77,11.54,AR,2023-10-04 03:48:48
522,zaragoza,41.6561,-0.8773,67.01,66,0,6.91,ES,2023-10-04 03:48:48
523,vyazemskiy,47.5378,134.7525,58.01,76,90,7.94,RU,2023-10-04 03:48:48
524,bedele,8.456,36.353,53.83,96,16,1.79,ET,2023-10-04 03:48:48
525,east tamworth,-31.0894,150.9436,78.39,31,72,21.85,AU,2023-10-04 03:48:48
526,al khafji,28.4391,48.4913,87.3,58,0,10.56,SA,2023-10-04 03:48:48
527,ghat,24.9647,10.1728,75.63,38,1,5.75,LY,2023-10-04 03:48:48
528,uglegorsk,49.0833,142.0333,56.59,60,87,3.4,RU,2023-10-04 03:48:48
529,el calafate,-50.3408,-72.2768,41.09,79,19,9.33,AR,2023-10-04 03:48:48
530,saint-philippe,-21.3585,55.7679,71.11,86,97,13.29,RE,2023-10-04 03:48:48
531,zhangatas,43.5667,69.75,60.22,35,68,14.99,KZ,2023-10-04 03:48:49
532,san juan de miraflores,-12.1629,-76.9635,66.16,83,100,9.08,PE,2023-10-04 03:48:49
533,juan rodriguez clara,17.9833,-95.4083,74.79,95,91,3.18,MX,2023-10-04 03:48:49
534,magugu,-4.0167,35.7667,66.99,76,100,1.45,TZ,2023-10-04 03:48:49
535,le vauclin,14.5452,-60.8388,78.85,100,0,3.44,MQ,2023-10-04 03:48:49
536,beyneu,45.3167,55.2,61.54,50,92,7.49,KZ,2023-10-04 03:48:49
537,vetovo,43.7,26.2667,53.26,64,0,5.79,BG,2023-10-04 03:48:49
538,gdov,58.7406,27.8122,58.33,89,100,22.53,RU,2023-10-04 03:48:49
539,manakara,-22.1333,48.0167,67.59,66,3,5.1,MG,2023-10-04 03:48:49
540,menderes,38.2496,27.1343,62.64,67,0,9.22,TR,2023-10-04 03:48:49
541,zarate,-34.0981,-59.0286,56.82,10,88,6.85,AR,2023-10-04 03:48:49
542,luwuk,-0.9516,122.7875,88.39,58,14,5.79,ID,2023-10-04 03:45:42
543,chateaudun,48.0833,1.3333,46.6,89,29,2.08,FR,2023-10-04 03:48:50
544,hotan,37.0997,79.9269,69.62,17,100,7.52,CN,2023-10-04 03:48:50
545,barakani,-12.1356,44.4317,77.63,77,72,8.61,KM,2023-10-04 03:48:50
546,coquimbo,-29.9533,-71.3436,55.13,82,0,2.3,CL,2023-10-04 03:48:50
547,tikamgarh,24.745,78.8333,81.9,39,47,5.95,IN,2023-10-04 03:48:50
548,kaspiyskiy,45.3929,47.3707,62.98,70,58,4.97,RU,2023-10-04 03:48:50
549,masindi,1.6744,31.715,63.55,88,85,3.8,UG,2023-10-04 03:48:50
550,parvatsar,26.8833,74.7667,83.16,35,0,13.18,IN,2023-10-04 03:48:50
551,nacozari viejo,30.4,-109.65,59.18,41,55,3.15,MX,2023-10-04 03:48:50
552,tabou,4.423,-7.3528,74.82,85,20,5.77,CI,2023-10-04 03:48:50
553,putian,25.4394,119.0103,91.83,49,54,10.36,CN,2023-10-04 03:48:50
554,osorno,-40.5667,-73.15,38.01,98,32,1.83,CL,2023-10-04 03:48:51
555,porto novo,6.4965,2.6036,76.08,92,93,4.5,BJ,2023-10-04 03:48:51
556,boa vista,2.8197,-60.6733,85.98,62,0,9.22,BR,2023-10-04 03:48:51
557,bantay,17.5847,120.3892,83.97,69,100,4.9,PH,2023-10-04 03:48:51
558,matiguas,12.8373,-85.4622,72.72,94,24,1.83,NI,2023-10-04 03:48:51
559,pangoa,-12.1167,-73.0,70.02,98,84,3.42,PE,2023-10-04 03:48:51
560,malanje,-9.5402,16.341,67.48,88,79,3.76,AO,2023-10-04 03:48:51
561,port loko,8.7667,-12.7833,76.68,98,100,2.21,SL,2023-10-04 03:48:51
562,magadan,59.5667,150.8,51.53,53,28,8.01,RU,2023-10-04 03:48:51
563,la'ie,21.6477,-157.9253,82.36,70,40,5.01,US,2023-10-04 03:48:51
564,geraldton,-28.7667,114.6,77.41,36,0,14.97,AU,2023-10-04 03:48:51
565,nuku'alofa,-21.1333,-175.2,71.94,73,75,13.8,TO,2023-10-04 03:48:51
566,dong ha,16.8163,107.1003,85.8,75,75,5.55,VN,2023-10-04 03:48:52
567,mzuzu,-11.4656,34.0207,60.13,93,66,5.7,MW,2023-10-04 03:48:52
568,lorengau,-2.0226,147.2712,79.57,82,100,10.27,PG,2023-10-04 03:48:52
569,kinablangan,7.6947,126.5503,85.71,70,5,3.87,PH,2023-10-04 03:48:52
570,chukhloma,58.7525,42.6825,53.01,90,100,13.82,RU,2023-10-04 03:48:52
571,changleng,28.7,115.8167,72.77,76,100,6.96,CN,2023-10-04 03:48:52
572,maintirano,-18.0667,44.0167,77.92,76,8,3.89,MG,2023-10-04 03:48:52
573,papao,-17.75,-149.55,82.08,83,8,23.62,PF,2023-10-04 03:48:52
574,ha'il,27.5219,41.6907,73.42,33,0,0.0,SA,2023-10-04 03:48:52
575,mil'kovo,55.6078,37.7956,54.91,62,95,17.02,RU,2023-10-04 03:48:52
576,villacidro,39.4578,8.7406,63.48,65,0,3.4,IT,2023-10-04 03:48:53
577,lincheng,19.9078,109.6858,86.31,70,59,3.91,CN,2023-10-04 03:48:53
578,bairnsdale,-37.8333,147.6167,52.05,98,100,1.01,AU,2023-10-04 03:48:53
579,gadani,25.1185,66.7299,84.42,78,10,7.05,PK,2023-10-04 03:48:53
580,newberry,34.2746,-81.6187,66.78,90,0,4.05,US,2023-10-04 03:47:56
581,muli,2.9167,73.5667,80.78,77,100,2.71,MV,2023-10-04 03:48:53
582,vorozhba,51.1733,34.2192,49.1,63,97,11.59,UA,2023-10-04 03:48:53
583,mandalgovi,45.7625,106.2708,47.46,41,0,5.37,MN,2023-10-04 03:48:53
584,aykhal,66.0,111.5,29.61,96,100,17.58,RU,2023-10-04 03:48:53
